{"intrinsic": [[748.5089009692975, 0.0, 504.1630024175836], [0.0, 747.8200450485499, 512.9708346789612], [0.0, 0.0, 1.0]], "dist": [[-0.1528935297699283, 0.0714135347882768, -0.001944548608547653, 0.001017103877391505, 0.005897571696416674]]}